,Regressive.1,Regressive.2,Regressive.3,Regressive.4,Regressive.5,Regressive.6,Regressive.7,Regressive.8,Regressive.9,Regressive.10,Regressive.11,Regressive.12,Regressive.13,Regressive.14,Regressive.15,Regressive.16,Progressive.2,Progressive.3,Progressive.4,Progressive.5,Progressive.6,Progressive.7,Progressive.8,Progressive.9,Progressive.10,Progressive.11,Progressive.12,Progressive.13,Progressive.14,Progressive.15,Progressive.16,Progressive.17,Progressive.20,Sample_51.Affy,Sample_52.Affy,Sample_57.Affy,Sample_58.Affy,Sample_59.Affy,Sample_62.Affy,Sample_63.Affy,Sample_64.Affy,Sample_34.Affy,Sample_35.Affy,Sample_36.Affy,Sample_37.Affy,Sample_38.Affy,Sample_39.Affy,Sample_40.Affy,Sample_41.Affy,Sample_42.Affy,Sample_46.Affy
SPNS2,7.937416,8.150866,8.277665,9.295856,8.866392,8.283889,8.210331,9.276499,9.263391,8.217561,8.766798,8.627843,8.458201,7.988242,8.105433,8.137243,7.128284,6.685046,6.176857,6.92261,8.209367,7.793544,6.70086,6.229534,6.713508,7.965555,6.23361,6.841524,7.006407,7.115341,7.093742,7.419647,6.918246,8.704278354,8.837563449,8.04800464,8.284114773,7.872796119,8.448235514,8.013693458,8.575910377,6.989965999,6.812881324,7.126783167,7.299303848,6.896083585,7.738337224,7.159491346,7.820506077,6.767530901,7.793595765
RBAK,6.073147,5.885627,5.916145,6.026193,5.974143,5.691269,6.512918,5.992392,5.943059,5.842975,6.037767,6.042335,5.609496,6.037405,6.439465,5.499404,6.921529,7.218994,7.505228,7.908376,6.179427,6.668721,7.528229,7.657112,7.354329,6.623432,6.556951,6.584186,6.97594,6.411064,6.240265,6.893418,6.449311,5.628626648,5.893647299,5.518904239,6.512524352,5.958538313,6.093382756,5.786599106,6.190008187,7.301681127,7.317807317,7.025446789,6.914332031,6.879495403,6.514617018,6.865513975,6.358903811,7.032855572,6.582732577
ADCYAP1,6.21664,5.688976,6.126428,6.014605,6.623951,6.226332,5.554318,5.958459,5.90907,5.826181,6.942241,6.526754,6.455278,6.027703,5.486037,6.872797,4.668109,4.909898,5.366795,4.767032,4.766933,5.061834,4.731524,5.094409,5.066516,4.766686,4.71231,5.332331,5.121512,5.470374,5.652762,5.230723,5.344654,6.37597219,6.042156238,6.858033086,5.529244761,5.898915211,5.325808868,5.86299043,5.975166193,4.916207603,4.845145997,6.066911607,4.962959749,5.269774457,5.129525414,5.265039977,5.780145264,5.174230073,5.431392881
PAK2,7.429954,7.993614,7.768493,7.584193,7.672053,7.578959,7.804651,7.691193,7.715571,7.351296,7.635359,7.615319,7.275205,7.296078,7.117104,7.528016,8.060462,8.232653,8.265436,8.564969,7.535853,7.860542,8.247177,8.349606,8.262856,8.043902,7.917911,7.964334,8.504672,8.093543,8.079615,8.138952,7.996439,7.614908004,7.278462834,7.609619436,7.588522748,7.467135219,7.665692154,7.682784512,7.623711845,8.258901802,8.378755893,8.38097304,8.261660912,8.138223043,7.722541114,8.186502006,7.843167765,7.835956854,7.819205798
ZNF721,7.20555,7.534645,7.315188,7.220875,7.120102,7.242751,7.018546,7.259923,7.072067,7.08379,6.945601,7.056625,7.390189,7.107813,7.374868,7.170243,8.195187,7.880929,7.824285,7.677773,7.656037,7.666117,7.855989,7.809542,7.924928,8.162024,7.820734,7.633598,7.021964,7.94406,7.907682,7.876564,7.913121,7.136164204,7.220078211,7.386358134,7.288749607,7.091923825,7.359327328,7.075270184,7.222420665,8.133667512,8.307060151,7.672004119,7.221235505,7.879217271,7.623616576,8.076891178,7.647189395,7.798657366,7.10623373
ELK4,7.307626,7.219809,7.245931,7.009269,7.061348,7.035293,7.400625,7.041586,7.053087,7.242606,7.068255,6.915783,7.103418,6.940687,7.234479,6.803602,7.499149,7.558567,7.386606,7.527208,7.399088,7.557781,7.564712,7.416962,7.640084,7.145355,7.350867,7.517093,7.515121,7.520062,7.568277,7.18465,7.444576,7.036269059,6.928695482,7.20739939,7.08693729,7.131411766,6.972593234,6.974376798,7.272212407,7.576387767,7.641339569,7.490959351,7.579403501,7.564480643,7.248479427,7.544786522,7.181844343,7.541394115,7.230902928
AEBP2,5.388207,5.36348,5.14407,5.117852,5.043537,5.327399,5.275624,5.061691,5.091861,5.271119,5.038686,5.045662,4.930587,5.082901,5.165415,5.158512,5.557812,5.320355,5.748384,5.73448,5.262258,5.373199,5.342074,5.803225,5.545403,5.337661,5.76619,5.437791,5.910401,5.750065,5.683538,5.261418,5.702054,5.052906565,5.090756812,4.986166128,5.143096714,5.257622397,5.214931918,4.849008282,5.306428267,5.669671066,5.652010115,5.515644337,5.708847167,5.768870977,5.570554355,5.702776827,5.366178858,5.565137071,5.168615425
IRF7,7.897856,7.910522,7.89441,8.222119,8.140913,7.877099,7.734387,8.196308,8.16095,7.27315,8.084496,8.120847,8.061015,7.768011,7.847971,7.769637,7.17011,6.71109,7.310929,6.773086,7.427991,7.577498,6.79408,7.217982,6.662654,8.115245,6.80139,7.244157,6.524348,7.551018,7.563217,6.858542,7.584758,8.219846454,7.962949515,7.678658803,7.971128662,7.736318737,7.671475664,8.308270587,7.83835016,7.090369906,7.073911379,7.275287125,7.263871525,7.152191404,7.58190045,7.510926352,7.501240475,6.990647083,6.944836852
SEC62,5.884505,5.24517,5.528479,5.24896,5.672527,5.241622,5.287801,5.077014,5.266307,5.300426,5.414414,5.48956,5.265245,5.298136,5.30195,5.051679,5.792341,5.842828,5.807123,5.887096,5.614087,5.729701,6.128682,5.918091,6.082963,5.340239,5.997457,5.72242,5.932729,5.706818,5.636309,5.826934,5.655824,5.261965506,5.172799491,5.334871754,5.39998051,5.512821397,5.306007453,5.349580846,5.249038175,5.930372864,5.939008813,5.884775003,6.066167658,5.891170673,5.80613331,5.574051612,5.454255549,6.063054028,5.29505311
NNT,6.563337,6.263395,6.010602,6.049178,6.333525,6.052333,5.999744,6.171053,5.913336,6.329955,6.339234,6.203383,5.982307,6.295866,6.24298,5.670068,5.989109,6.996615,6.920157,6.682001,6.984608,6.757658,7.047786,6.908405,7.011972,6.284115,7.061248,6.491448,6.584547,6.309403,6.5138,6.411951,6.426816,5.893050886,5.898512302,6.178623426,6.047066225,6.351161305,6.045062524,5.941685253,6.046203999,6.862412912,7.030472962,6.749010338,6.956081406,6.878957501,6.567187521,6.739808832,6.37275973,6.790690411,6.2878696
IGFL1,6.343188,7.037376,6.914194,8.487184,7.284739,6.253205,6.823502,8.556633,8.43671,6.65309,7.467588,7.357575,6.897372,6.159074,6.197994,6.566005,6.341431,4.848834,5.546937,5.680964,5.189864,6.320812,4.870908,5.481939,5.105169,4.844393,5.154037,5.116523,6.871345,5.670395,5.176964,6.471277,5.729548,7.318002531,7.084927603,6.711288862,6.744567103,6.492226472,6.594211948,6.928831852,6.884844652,5.420922637,6.078568597,5.878880189,6.244599978,5.457265258,5.922994002,5.865131446,5.953305593,6.033895951,5.858157773
NCBP2,6.532351,6.816598,6.578235,6.838589,6.826812,6.594214,6.747052,6.819045,6.864524,5.991774,6.675419,6.688984,6.394468,6.644235,6.408694,6.40611,6.935766,7.424649,7.287634,7.32092,6.950133,7.129518,7.442322,7.302317,7.407156,7.155846,6.98846,6.875954,6.909981,7.059586,7.065136,6.899547,7.011111,6.968039867,6.497188704,6.515886615,6.564281948,6.481193894,6.666363615,6.856529521,6.615593527,7.191051864,7.186187349,7.541958465,7.151273826,7.26833052,6.764439493,6.941519942,7.049362594,6.893788005,6.687351869
ZNF284,5.744739,5.820918,5.69724,5.199935,5.814517,5.144999,5.487599,5.551807,5.384689,5.538822,5.715224,5.317342,5.248976,5.115944,5.195509,4.890356,4.828692,4.73423,4.758052,4.968604,4.779329,4.76587,4.804623,4.803352,4.943974,4.773593,4.625048,4.632468,4.810011,4.832861,4.990348,4.739683,5.277349,5.081091171,5.454413278,5.295294129,5.737260128,5.264705824,4.995067752,5.37516217,5.11718583,5.28345192,4.88869462,5.231797733,4.807752904,5.032785173,4.961546137,4.814418202,5.12946772,4.890434705,4.796855451
RPL7,5.970024,5.443704,5.502056,5.935432,5.310359,5.593731,5.407814,6.000383,6.122368,5.608751,5.384574,5.376311,5.661038,6.088368,5.826694,5.565691,6.638852,6.760383,7.008997,6.879819,5.796336,5.846691,7.030767,7.090546,6.852356,6.403645,6.348723,5.918674,6.626269,6.347723,6.344292,6.243148,6.292207,5.39427464,4.996095497,5.743810236,5.849191688,6.492049914,5.965234114,5.454546602,5.745564886,6.445171758,6.617056063,6.593265815,6.902116024,6.695423516,6.446387441,6.473212017,6.096261378,6.492318134,5.498004365
HIST1H4H,9.288852,8.925354,8.949886,8.954637,9.115909,9.270829,8.825109,9.111475,9.001911,9.096597,9.124598,9.003107,9.244446,9.456984,9.471229,9.361685,9.443036,9.44782,9.248848,9.532475,9.584181,9.87931,9.481679,9.347926,9.429746,9.412925,9.525396,9.752067,9.672817,9.310712,9.382221,9.429684,9.343383,9.173903673,8.879834681,9.213242971,9.018525295,9.251160132,8.992409607,8.871965486,9.235202669,9.47579789,9.464937913,9.577139747,9.699922543,9.583697531,9.664728692,9.525543804,9.278937871,9.388954861,9.313548819
DLG1,5.90115,6.254877,5.973937,5.825983,5.725589,5.733404,6.049082,5.863694,5.987194,5.603127,5.873069,5.952673,5.418701,5.595578,5.623727,5.335854,6.829552,6.792595,6.843539,6.81226,6.344418,6.5632,6.688063,6.687889,6.842628,6.768058,6.163783,5.8146,6.084234,6.034922,5.932048,6.113575,6.062556,5.549023434,5.559716492,5.707901239,5.74040319,5.753239151,5.928059425,5.687493039,5.998494561,6.871542368,7.030019625,6.578423456,6.241766032,6.525835401,5.986347238,6.623782296,6.062374216,6.563613161,5.882140344
RPL39L,6.721611,6.558347,6.470235,6.627524,5.752717,6.605045,6.374084,6.529456,6.602864,5.27285,5.987296,5.755141,5.804361,6.515939,6.22149,5.83079,6.067804,7.062801,7.173528,7.333595,6.424551,6.709801,7.30058,7.156849,7.121572,6.323437,7.261183,6.714289,7.093413,7.13766,6.981916,6.914374,6.886638,6.2055721,5.726446571,6.029038257,6.324006205,6.184192025,6.455746554,5.670474823,6.136544998,7.121899107,7.335894505,7.012286313,7.201061671,7.191518252,6.779215771,7.093690662,6.593799234,7.104251562,6.434162549
RRM2B,6.598645,6.620502,6.733988,6.285132,6.682304,6.899222,6.746018,6.255362,6.272409,6.931485,6.665374,6.54359,6.31656,6.344347,6.422475,6.594537,7.649259,7.078176,7.543791,7.55105,6.573695,7.05439,7.253886,7.572654,7.35849,7.190152,7.185547,6.794173,7.526221,6.930571,7.0088,6.999262,6.936042,6.80603878,6.692594746,6.841442779,6.371555768,6.72497003,6.46095336,6.358080702,6.679635192,7.401795991,7.371046807,6.966399847,6.772572277,7.437309899,6.66852968,7.359278091,6.877362516,7.443820304,6.651049984
EHD1,9.218921,9.1611,9.079387,9.275857,9.254295,9.169149,9.102305,9.16175,9.177171,8.854415,9.152411,9.275857,9.157146,8.947473,8.937688,9.002802,8.598042,8.751033,8.995823,8.649693,8.836796,8.669865,8.848439,8.962363,8.770679,8.696477,8.993958,8.606242,8.06895,8.832849,8.876493,8.871807,8.80515,9.13821271,9.251917958,9.201205948,9.213194562,9.095288309,9.186435133,9.12279453,8.970927371,8.632782574,8.453684911,8.79733658,8.752298114,8.422680336,8.91699129,8.699849843,9.089487588,8.882892629,8.972262925
CHURC1,5.478711,5.642368,5.502533,5.103504,5.386595,5.16896,5.475624,5.10951,5.234924,5.403828,5.424962,5.331467,5.195756,5.23726,5.315982,4.95416,6.054207,5.526584,6.100035,5.487727,5.547068,5.178081,5.829204,6.15979,5.700845,6.009842,6.335213,5.530126,5.471293,5.892824,5.97381,5.889771,6.009769,5.279478802,4.817314395,5.205135359,5.046605221,5.296500887,5.358482582,5.418913781,5.65527057,6.057788695,6.174442819,5.82653559,5.755692749,5.922471237,5.584121614,5.926930826,5.401681596,5.961218438,5.584839165
MTX2,7.043118,6.944424,6.91793,7.207151,7.017924,6.868617,6.897167,7.221473,7.16589,7.003155,7.036209,7.078444,6.884431,6.86517,6.849877,6.687571,7.549618,7.553836,7.662905,7.608819,7.207714,7.430084,7.482216,7.630451,7.415001,7.373938,7.46888,7.285908,7.155745,7.157718,7.151253,7.260662,7.22795,6.75083127,7.051192118,7.231336376,7.07817511,6.960306066,6.972595199,6.9709913,7.025587759,7.568293046,7.587355781,7.519783237,7.471995388,7.552909351,7.204804287,6.940159803,7.318420044,7.303486105,6.892928446
NEK2,5.970859,6.368435,6.458292,5.999856,5.460545,6.535687,6.381747,6.057302,6.002506,5.808449,5.60759,5.366795,6.067122,6.02537,6.117216,6.086386,7.111069,6.837778,8.005062,7.447402,6.174269,6.261553,6.955607,7.793544,7.105808,6.328197,7.890542,7.477474,6.257861,7.463443,7.390189,7.154066,7.48487,5.945073576,6.781376633,6.503938059,6.374439006,6.012143127,5.998980181,6.173170825,5.919669348,7.078624624,7.661966506,7.200648536,7.114036133,7.260220733,6.086608349,6.579262887,6.210259761,7.294207368,6.464298189
C5orf51,7.149872,6.446168,6.642219,6.435061,6.202869,6.260628,6.451525,6.364189,6.408842,6.545779,6.411414,6.322759,6.229692,6.968831,6.768914,6.268428,7.039759,7.104469,6.942551,7.413836,6.900247,6.975321,7.229043,7.017132,7.302657,6.524309,7.116226,6.954689,7.364332,6.721774,6.625845,6.754209,6.761171,6.45090996,6.484248649,6.577200188,6.680602505,6.5558752,6.34580108,6.156806401,6.380527145,6.927310943,7.145151493,6.951494102,7.381667097,7.173258269,6.673992762,6.611839785,6.722812017,7.395761957,6.824367757
LOC284912,6.097529,4.850736,5.205546,5.343931,5.468134,5.904864,5.170468,5.46355,5.271692,5.572229,5.410159,5.138286,4.890401,5.210738,5.314657,5.61147,5.536453,4.840343,4.810797,4.778161,4.896768,4.791485,5.047144,4.761236,5.062914,4.858131,4.628743,4.717058,4.669392,4.836416,4.614834,4.875887,4.677276,5.765769257,5.215699636,5.906020929,5.076833701,5.476210159,5.151709445,5.171537587,5.355285491,4.697594204,4.796460626,4.720963819,4.976238295,4.699294192,5.190878124,4.878262124,5.021451889,4.736811332,5.009971664
SP6,4.962438,5.392833,6.281701,6.592361,5.822084,5.401166,5.329697,6.768912,6.762965,5.373064,5.621641,5.775383,5.997909,6.079324,6.280476,5.6329,4.834894,5.253012,4.753245,4.769501,4.976538,6.181788,5.257628,4.78127,5.178239,5.335917,4.800891,4.987407,4.747159,4.677028,5.017752,5.089089,4.744964,6.019805531,6.17369241,5.606262311,6.040912381,5.97449638,5.497990296,5.82825195,5.73501375,4.969527553,4.328351004,5.350181168,4.990824918,4.877448608,5.089397951,5.54633626,5.401882744,4.920530922,5.62625197
FANCL,5.968272,5.949028,6.065283,5.850842,5.741332,5.937273,5.997065,5.892775,5.878596,5.715303,5.749035,5.66432,5.843894,5.644022,5.912549,6.094089,6.488383,6.304555,6.616751,6.323101,6.126865,5.942831,6.350162,6.535717,6.409628,6.658734,6.743374,6.671386,6.165043,6.591791,6.647532,6.726721,6.633577,5.938425639,5.992412606,6.178851041,6.225433603,5.700016743,6.01153,6.479084119,5.943906336,6.607507128,6.163495976,6.198770319,6.534952645,6.14090403,6.247032169,6.654906216,5.957233454,6.344799873,5.871632227
TPM4,6.162689,5.905838,5.985588,5.667781,5.619631,5.918524,6.048087,5.673412,5.769188,5.928759,5.688202,5.622669,5.491167,5.868075,5.840946,5.68139,6.480117,6.100709,6.130458,6.278773,6.11563,5.907662,6.057457,6.189611,6.041922,6.182378,6.277601,5.78943,6.063105,6.109834,5.931441,6.040156,6.037118,5.573148875,5.706109003,5.930720904,5.679568702,5.899838929,5.587261523,5.70876703,5.907639296,6.245813462,6.185991737,5.954862113,6.188115822,6.150924831,6.171660363,5.971636592,5.997837473,6.358424253,6.050152069
TRHR,5.502659,5.252409,5.551427,5.219938,4.983314,5.348588,5.204226,5.259512,5.305892,5.137856,5.02671,4.929839,4.98085,4.927064,4.742629,5.494955,5.278858,4.762364,4.769771,4.84489,4.847837,4.716396,4.774048,4.909875,4.812552,4.851725,4.70768,4.652683,4.757308,4.653743,4.700963,4.702126,4.818619,5.268514811,5.335095413,5.175163792,4.910396745,5.217131579,5.070387092,4.924984598,5.482963018,4.834519518,4.666828438,4.679068103,4.669077203,4.957962807,4.897124292,4.761982348,4.94390991,4.811107345,5.077637324
RNF34,7.813477,7.896951,7.948412,7.290971,7.664658,7.777989,7.903341,7.399862,7.405051,7.920238,7.610624,7.662179,7.666737,7.760161,7.807566,7.559213,8.136489,7.974188,8.176751,8.332701,7.831872,7.973582,8.043717,8.222638,8.141464,7.841797,7.8249,8.020908,8.202412,7.91833,8.019267,8.075671,8.005137,7.663985211,7.541733849,7.678453623,7.513224896,7.575299788,7.958271927,7.614525467,7.826317609,8.184595514,8.427674001,8.124944556,7.883286075,8.149499547,7.97471205,8.128944865,7.84905028,7.948232686,7.67555459
PANX3,4.736635,6.010477,6.787141,5.812828,5.705193,6.595005,5.478156,5.769846,6.13916,6.557592,5.607245,5.215996,6.228885,6.642047,6.257016,7.004213,4.893858,5.207314,5.150876,4.838545,4.753005,4.807895,4.876634,5.245073,4.75119,4.898789,5.753136,5.372004,4.688563,5.306098,4.784273,5.009398,5.193006,6.347942279,5.322481524,5.879883675,5.794740506,6.242768057,6.239776817,5.506078026,5.548971911,4.879734621,4.888326801,4.722412207,5.078917951,5.357118739,5.630079528,5.564415052,5.09460665,5.796949405,5.477855344
MIOX,4.780128,6.612457,6.103958,7.036849,6.351123,6.717106,6.764981,6.948616,7.094986,7.400489,6.120686,6.3937,6.420892,6.642221,6.371328,7.351128,6.135359,5.491634,5.7853,6.555883,4.720244,6.486117,4.729445,5.462275,5.388625,5.235334,5.176673,4.909422,4.69324,5.468354,5.561328,4.944391,4.650806,6.728434454,7.079938292,6.645350934,6.433776326,6.079640799,6.173553301,5.993264939,6.240724155,5.522060873,4.9341747,5.172180155,5.569536085,5.728963489,5.260811723,5.649895924,6.407775018,5.415515165,6.239612864
NMD3,5.804672,5.331722,5.45402,5.572108,5.558527,5.042203,5.215527,5.559019,5.642138,5.576113,5.381444,5.308661,5.071474,5.365427,5.572035,4.845868,5.999073,6.029127,5.941199,5.998293,5.433897,5.881095,5.891094,5.955095,5.903485,6.151629,6.156411,5.777328,5.752509,6.092409,6.007135,5.768809,6.163591,5.356932864,5.968475568,5.454029194,5.352021696,5.719509243,5.322986097,5.178168234,5.526391385,6.354641829,5.966288365,5.636744973,5.91055949,6.063025735,5.436018229,5.790795671,5.677126297,5.441857659,5.969050024
OR2B11,6.444916,6.36642,5.506333,6.263339,5.676758,6.785384,6.233333,6.44824,6.327109,6.216821,5.60014,5.92572,6.2079,4.75954,4.652024,7.402312,4.757444,5.59912,4.830225,4.839118,5.557009,4.749328,5.385324,5.108424,5.162265,5.122338,5.39959,5.239012,4.662104,5.134082,4.632821,4.897758,5.009595,6.479376672,5.796144403,5.950609704,5.992588727,5.839647286,5.404418916,5.621640978,6.187798807,5.186419749,5.29565535,5.347481832,5.084351092,5.345688674,5.543322516,5.16714787,5.098592356,5.069349113,5.400581914
INO80B,7.08936,7.994174,8.170759,6.890624,7.468767,8.005315,8.115809,6.997603,7.016714,7.519815,7.528455,7.484593,7.046221,6.711393,6.811434,7.642589,8.671567,8.460033,8.59967,8.649306,8.013832,8.132872,8.468522,8.551338,8.641416,8.1585,8.332053,7.884979,7.590137,8.247276,8.280834,8.180336,8.373499,7.72788059,7.843568284,7.913680097,7.908203424,7.618312624,6.97678094,7.419451179,7.372693075,8.524696751,8.144617021,8.120314616,8.259386063,8.006074663,7.740596113,8.388331056,7.374446,7.690506403,8.668385734
PDIK1L,6.697229,6.494541,6.499372,6.602671,6.572752,6.822057,6.723891,6.526008,6.529634,6.84688,6.549136,6.292737,6.46267,6.57801,6.664419,6.358953,7.483386,7.000751,6.990222,7.14418,7.103335,6.891352,7.111069,6.912717,7.143751,6.920218,6.35055,6.994888,6.841319,6.930908,6.707186,6.674343,6.831583,6.700583753,6.453175317,6.386735975,6.634654156,6.426134723,6.538035094,6.719136854,6.474283222,7.035859433,7.279993367,6.974874808,7.205657169,7.103958507,6.70981399,6.777460556,6.700937388,6.814924968,6.809289299
SLC6A20,5.367304,5.307154,5.232017,5.110931,5.246716,4.996272,5.331534,5.125563,5.098359,5.149461,5.34334,5.352772,5.295734,5.033281,5.142585,5.033996,5.17231,4.834843,4.863765,4.895452,4.903219,4.835812,4.99494,4.913261,5.03948,4.873543,4.961522,4.961261,5.205171,4.957688,4.775472,4.93985,4.923083,5.270061523,5.33815457,5.131462934,5.187117068,4.99884363,5.068744766,5.373084655,5.226532747,4.851506393,4.985290795,4.962742324,4.735151346,4.922473475,5.05812459,5.059174933,4.887123204,4.975294373,5.178189579
FAM103A1,7.110567,7.603617,7.60061,6.972428,6.944801,7.972656,7.698675,7.006203,6.980961,7.120429,6.948293,6.849297,7.020338,6.548082,6.869222,7.707276,7.903434,7.767416,7.961282,7.536958,7.358768,7.652873,7.719529,7.859112,7.737424,7.587455,7.380181,7.804176,7.119062,7.843937,7.835524,7.601633,7.914494,7.037890382,7.254772469,6.997235214,7.084938705,7.199823012,7.116962431,6.822424223,7.085038851,7.966600384,8.107071571,7.692745861,7.394713213,7.823902771,7.746929228,7.921741634,7.560837984,7.839628873,7.290035203
ACP1,7.920779,7.892993,7.671381,7.998215,7.685135,7.753891,7.460866,7.999717,7.934357,7.732241,7.742724,7.728305,7.655049,7.931611,7.797421,7.835525,8.432481,8.468673,7.814912,8.331984,8.153618,8.297178,8.289276,7.90307,8.279713,8.300348,7.874591,8.00922,8.247782,7.991253,8.059443,7.760904,8.050531,7.625668387,7.589687031,7.75381108,7.843078249,7.771046864,7.908537302,7.648875323,7.815643311,8.295063138,8.439419242,8.251637266,8.125181583,8.209294252,7.97934245,8.287957345,7.866674982,8.244278632,7.741464985
FOXI2,6.238707,5.035516,6.132327,5.731307,5.306694,5.329462,6.189776,5.707556,6.039467,5.807123,5.527451,5.449845,5.423382,6.029504,5.52527,5.067026,4.996068,5.464219,4.934874,4.8725,4.864199,5.397797,4.86423,4.773024,4.785514,4.844631,4.742284,5.783525,4.764406,4.571784,5.029497,5.021001,4.952057,5.575793523,5.679092755,5.93849798,5.355550007,5.432708064,5.786971565,5.07846149,5.68448929,5.093818871,4.727858984,5.253817195,4.898498319,4.890534049,5.215153987,5.3487865,4.967241487,5.269840352,5.404636587
C11orf58,6.838901,6.824913,6.84093,6.274417,6.556736,6.750529,6.769223,6.218582,6.208095,6.662391,6.505581,6.397638,6.385516,6.203397,6.35739,6.497293,7.419641,6.955552,7.351808,6.79977,6.650205,6.492073,6.972007,7.131571,7.020773,6.828325,7.083788,6.922359,6.285834,6.939746,6.819019,7.185659,7.117527,6.456964235,6.519226252,6.556814276,6.624009534,6.456565865,6.317403808,5.997672837,6.480864211,6.987375201,7.172616688,6.913906212,7.271934987,7.270042857,6.868025183,6.857462743,6.627862278,7.136052197,6.772743552
UBL4B,6.764073,6.264227,6.949549,6.089612,5.641539,6.884894,6.867571,6.221514,6.145287,7.118068,5.712791,6.044563,6.094128,6.100416,4.671568,7.242131,6.058665,5.669094,5.213227,4.786979,4.91388,4.832837,4.880841,5.637614,4.724494,4.854374,4.995413,5.021734,6.626115,6.13879,5.553761,5.185819,5.33671,6.546710468,6.382183028,5.928476495,6.317656355,6.367624705,6.181445844,6.475992388,6.284121416,5.334842948,5.576933093,5.362100238,5.386087143,5.540660012,5.693185422,5.019932675,5.948568314,4.985968713,5.054632425
SNORD87,5.391142,4.988741,4.933432,5.037349,5.209008,5.078259,4.958752,4.951577,5.05158,4.838435,5.180536,5.101014,5.000719,5.124043,5.165861,5.111563,5.981796,5.431783,5.594472,5.740531,5.402944,5.444184,5.596378,5.533056,5.667125,6.092687,5.538581,5.496702,5.214702,5.511843,5.596838,5.245425,5.568389,4.874023727,4.932177955,5.029656844,5.169371124,5.867553001,4.980355897,5.174774184,5.188321003,5.369786956,5.488572814,5.559979051,5.940132922,5.817024262,5.508389191,5.344456092,5.038622062,5.567674347,5.138514518
FER1L6,6.500915,5.602946,5.13234,6.093251,5.977338,6.708812,5.603127,5.931055,6.116359,6.613199,6.512124,6.348153,6.654391,5.469601,6.340592,6.630992,4.995665,4.811883,4.816801,4.83147,5.252923,4.762318,4.826376,5.543218,5.068635,5.309126,4.898028,5.421022,4.750539,5.033162,4.829511,4.837383,5.016521,5.847409777,5.272330861,5.710544219,5.653370955,5.708348345,5.768134819,5.891184024,5.449623745,4.951818544,5.108354729,6.084495261,5.141881264,5.546970406,5.542400595,6.054929175,5.048385984,5.784716824,5.426765056
ZFP37,5.876169,5.645208,5.466469,4.914036,6.274079,5.735454,5.592476,4.905075,4.918521,5.89182,5.784362,6.067986,5.410038,5.066469,5.34437,5.593128,6.71643,6.790115,7.608302,6.125855,6.380162,6.58296,6.839454,7.306195,6.875166,5.908169,6.924276,6.052932,4.891932,6.59458,6.292535,7.223248,6.509896,5.705962595,5.674263441,5.772629231,5.659564165,5.468922045,6.069947061,5.711140019,5.897310243,6.300394094,5.868633249,6.379974965,5.829212254,6.491314837,6.771668866,6.667131554,6.079155495,6.422460326,6.434857946
ECM1,8.668846,7.983438,8.038553,8.38026,8.205801,8.621525,8.007391,8.472966,8.481726,7.674725,8.284256,8.249482,8.171491,8.2916,8.267579,8.370711,8.139388,7.054192,7.439185,7.230981,7.820271,8.291092,7.010301,7.339557,7.075765,8.48562,7.665008,7.075036,6.604872,7.441433,7.370349,7.74571,7.514747,8.850810506,7.966288472,8.565184814,7.929905147,8.079716241,8.092693264,8.208249412,7.859166524,7.155252348,7.069411014,7.423574061,7.574745475,8.264445167,7.798923722,7.56840301,7.934043875,7.516762823,7.704032296
KRTAP13-1,6.421254,6.591151,6.949862,5.947956,5.268481,7.011911,6.550473,5.891015,5.814384,7.134058,5.277112,5.339046,5.700384,5.823977,5.98804,6.819276,5.822856,5.241116,5.107504,5.396884,4.733161,4.975031,5.115492,5.333061,4.988249,5.022392,5.022885,5.055609,4.730595,4.912366,4.885826,5.215584,5.221186,6.429250313,5.472102048,5.916690824,5.639430059,5.359374495,5.741627602,6.221214089,6.061153438,5.434435312,5.161436987,5.449038279,5.175845552,5.374085295,5.499313202,5.262621164,5.941966047,5.506496849,5.47615451
LSM5,5.419343,5.227193,5.088222,5.259938,5.177388,5.361801,5.185899,5.225871,5.32845,4.968385,5.226941,5.072721,5.318988,5.209482,5.306987,5.33531,5.470641,5.695665,6.249595,5.597636,5.30158,5.235836,5.739486,6.135673,5.736316,5.649682,6.376469,5.745871,5.23162,5.906235,5.934732,6.190063,5.838845,5.512116675,5.246190954,5.20899844,5.294959292,5.398229055,5.230102464,5.053156243,5.154035303,5.890550374,5.793616582,5.664219427,6.12144779,6.243107212,5.562596798,5.293832204,5.485597413,5.894406912,5.102092118
KLK7,9.363262,7.93719,7.90409,9.184279,6.943501,8.980151,7.807516,9.255372,9.201838,8.027689,7.261637,6.774859,8.615582,9.196063,9.215158,8.735861,4.886162,5.079109,5.846864,5.920367,7.558294,7.208283,5.555791,5.472346,5.204832,5.377812,5.35923,6.967898,7.083431,6.173055,6.312723,8.242378,6.490891,6.777032674,7.646689739,7.158640817,7.436406495,8.446747266,7.433103679,8.324029543,7.280029589,7.250065342,7.469621161,7.047924146,6.623887426,7.269935641,7.039324009,6.890060118,7.217646955,6.919146856,6.329611633
KLK6,7.536271,5.380139,5.638855,8.312322,6.827608,5.58497,5.179755,8.372431,8.449449,6.588468,7.152209,7.016758,7.258702,7.220044,7.415722,6.088804,4.883672,4.764721,5.127035,5.008361,5.462902,5.796211,4.766654,4.868337,4.735535,4.80281,4.753079,5.338218,4.796835,5.570503,5.095211,6.519115,4.766593,5.894614694,6.524194838,7.364309313,6.320027014,6.173013228,5.928908647,6.190369832,6.47691736,5.682028777,5.505255334,5.384410388,5.19349707,5.645247481,6.239595182,5.456504485,5.783060831,6.505348738,5.334146029
C1QTNF1,6.779215,7.000934,6.963233,6.562885,6.933163,6.99726,6.955555,6.542147,6.495775,7.380621,6.874133,6.956579,6.851754,6.342404,6.66043,6.794082,5.175827,5.794779,6.422324,6.622839,6.959357,6.593575,5.524679,6.476665,5.711972,6.013329,6.251667,6.129149,5.876797,6.151754,6.208353,6.519868,6.313526,6.825937908,6.702384839,6.83159523,6.85344429,6.370753105,7.056485086,7.031904225,6.493142398,6.116226355,6.038020909,6.397720747,5.932292627,6.118431512,6.227923444,6.297868756,6.265598212,6.29567744,6.824416082
TFAP4,5.473829,5.116321,5.512592,5.547068,5.167253,5.188383,5.318157,5.471159,5.502533,5.264786,5.166484,5.175939,5.358238,5.250628,5.710011,5.383675,6.07325,5.833174,6.403503,6.354927,5.525804,5.240514,6.025394,6.31908,5.993327,5.497355,6.475863,5.999167,6.043961,6.288163,6.200095,5.853882,6.239049,5.621518399,4.888337568,5.309299007,5.462119205,5.419744148,6.052939561,5.271149086,5.793608208,5.894939757,5.971978483,5.511195575,6.327299143,6.283751424,5.517169055,5.320784513,5.790520318,5.813550241,6.311726952
G6PC,5.954532,5.996452,6.409602,5.831908,5.43613,6.740712,6.427732,5.851139,5.808959,7.065984,5.518321,5.598268,5.681251,5.048647,6.177502,6.65608,5.56962,5.24594,4.913363,5.982491,4.833481,5.321807,4.965127,5.423696,4.939344,4.819833,5.126047,4.722986,5.40084,4.987073,5.05723,5.474454,4.782758,6.283622972,6.441370079,5.688987525,5.682174456,5.984978438,5.878751143,5.68353877,5.313868767,5.279820893,4.835256378,5.302314257,5.549192547,5.467043484,5.568102097,5.61276356,5.375002513,5.174860632,5.157027906
NCCRP1,8.376019,8.950186,9.00569,9.568063,8.336896,8.351583,8.957331,9.514393,9.527624,7.958102,8.315359,8.346923,8.916972,8.141518,8.281507,8.172322,9.126411,5.681427,5.972646,6.441145,7.7545,8.987267,5.797829,5.993748,5.907854,9.264679,5.366801,6.078283,6.422572,5.658206,5.75016,7.424946,5.766307,7.273741248,7.88884933,8.184552273,8.121321283,8.116258486,8.94898161,8.812976848,8.353075155,6.564101145,6.480826537,7.094903547,7.042313786,6.908566561,7.234576015,7.69830222,8.108364547,7.051333048,7.752465586
PSAT1,7.598073,6.975091,7.097881,7.181026,7.176056,6.088634,6.877967,7.18551,7.16524,6.256199,7.288427,7.286273,7.136833,7.569084,7.309746,6.693083,8.027529,7.477743,7.978044,7.878502,7.564508,7.894949,7.11768,7.971844,7.188807,8.206953,7.934041,7.933982,8.022693,7.45135,7.315837,7.58564,7.263256,6.860436181,7.321229985,7.025096056,6.978826752,7.093435023,6.944714801,6.907756778,6.925902321,7.273625137,7.630057747,7.817369938,8.353948505,8.378579946,7.562015125,7.3227598,7.26865923,7.833614168,7.47572857
OR5B3,6.585178,5.994071,6.11429,6.15213,5.483977,6.671371,5.985277,6.035352,6.174927,6.438461,5.574034,6.03833,6.00907,6.265962,4.782406,6.425076,6.0235,4.993055,4.824915,4.772425,5.631258,4.860515,4.72677,4.818083,4.760905,4.745203,4.581094,5.289047,4.773915,5.063942,4.736756,4.746074,5.199319,6.099325652,5.325926017,5.795623962,5.049481655,5.901064995,6.22923257,5.801514816,5.173965592,4.853269205,5.452631691,5.256521586,5.41948341,5.233569204,5.913405632,5.324115472,5.853850163,4.991110937,5.245621398
PLEKHH3,6.427608,6.484632,6.573293,8.154171,7.270614,6.911277,6.409281,8.034093,8.031242,6.628038,7.434668,7.398645,7.420149,6.32612,6.356034,6.762299,6.307752,6.091206,6.249468,5.640216,6.736588,6.803454,6.226332,6.361932,6.243062,7.031149,6.134354,5.998597,5.678115,6.265658,6.222682,6.327887,6.316279,7.045406007,7.202275385,7.086383511,7.465683752,7.45461988,6.940318306,7.122235368,6.8816323,5.832275453,6.142939244,6.425768585,6.135131381,5.999545063,6.524787053,5.750651611,6.797529517,6.265847086,6.585209424
CDCA7L,6.904302,7.127053,7.006944,6.670754,7.362692,6.213491,7.078537,6.823968,6.800294,6.988092,7.089973,7.194419,6.421433,6.728906,6.671422,6.20779,7.414372,8.372249,8.162673,7.897238,6.99517,6.987665,8.281075,8.154421,8.239794,7.24224,7.358622,7.475119,6.991242,6.85723,7.043302,7.379007,7.096499,6.791261071,6.249100438,6.554718226,6.682949777,6.570738381,7.403107275,6.509007899,6.984847076,7.921012135,8.073886234,7.588342942,7.465613339,7.724626989,7.468293606,7.564929646,7.17909825,7.776928668,6.954515842
LOC440313,5.977752,5.473958,6.219636,6.303865,5.293696,6.251616,6.401644,6.21484,6.031614,6.415373,5.041965,5.48252,5.88613,5.226518,5.462264,6.601219,4.793745,4.824101,5.160322,5.863944,4.769838,5.318285,4.782732,5.156071,4.837797,4.785617,4.892046,4.70362,4.692008,5.131036,4.61993,4.719676,5.390654,5.411056133,6.015274222,5.042565491,6.098294833,6.179116582,5.47185344,5.555286232,5.567737498,5.269263952,5.009754992,4.929519122,4.806342836,5.221934643,5.495562495,5.355712853,6.062317694,5.282638961,4.760950578
KIAA1324L,5.22845,5.397265,5.478711,5.70923,5.580935,5.027404,5.154668,5.765092,5.725063,5.273096,5.504793,5.548573,5.042936,4.838342,5.106859,4.943427,6.185883,5.708749,6.182862,6.140863,5.728178,6.00397,6.183799,6.186819,6.053436,6.002357,5.111724,5.40182,5.87399,5.4688,5.484675,6.006996,5.491866,5.08337947,5.114869775,5.506113921,4.945662753,5.071090163,5.491394738,5.503651034,5.384291079,6.078470653,6.145900609,6.031101936,5.460104685,6.047938099,5.600854483,5.910452423,5.416068357,5.996733491,5.914224839
SMYD3,4.761963,5.781414,6.120277,6.070095,6.784644,5.95578,6.090797,6.106062,6.209488,5.921005,6.662499,6.720984,6.276571,6.123482,5.526625,5.846985,6.858599,7.032219,6.924223,6.678114,6.886942,6.611923,6.532493,7.039754,6.457656,6.678114,7.49102,7.080507,7.172686,7.168504,7.017243,6.810776,7.013053,7.138964757,5.842516263,6.243609223,6.356710891,6.112133903,6.193720214,5.962565547,6.051880595,6.929813254,7.620890213,6.66383182,6.516097328,6.518833436,6.457879216,6.441552953,6.434536358,7.121785183,6.383833279
CXXC5,7.252724,7.541827,7.39556,7.885784,7.686597,7.680748,7.488061,7.829491,7.92369,7.836894,7.717304,7.614706,7.652798,7.064878,7.396939,7.580264,7.174222,7.140813,6.550238,6.050997,7.198023,6.057374,7.038073,6.470641,7.177612,7.389678,7.01487,7.419847,6.89115,7.146142,7.040268,6.620809,7.112216,7.898651177,7.268154329,6.974894506,7.325789415,7.555194313,7.704098801,8.419728081,7.093427877,6.982986402,6.920726487,6.8685901,6.891261052,7.032797136,7.049138629,6.961762945,7.544303745,6.69685115,7.245109838
HTR2A,5.601099,7.493425,7.653876,6.895323,6.511832,7.785476,7.383909,6.80015,6.807704,7.992086,6.663569,6.66659,6.87096,6.681237,5.967141,8.000386,6.794392,5.685888,6.041059,5.076498,6.514151,6.199153,5.654974,6.122831,5.595797,5.112315,5.395166,5.79089,4.915962,6.276832,6.280476,6.258566,5.784442,7.509082712,7.006128482,6.165117872,6.630820296,6.343816059,6.574964964,7.800807268,6.539438415,6.021765011,6.119629578,6.260499029,5.914498223,6.16478063,6.531258998,5.521496067,5.896271404,6.23212127,6.076148813
GFRA4,5.246932,5.298965,4.939673,5.428049,4.948292,5.676411,5.471278,5.402976,5.571893,5.015975,4.940594,4.970557,4.75993,4.895285,4.820428,5.041999,4.777913,4.808845,4.809209,4.906728,4.806501,4.805735,4.806545,4.847643,4.857163,4.972267,4.878365,4.701887,4.718133,4.775278,4.731918,4.811519,4.74005,5.118959687,5.401647173,5.406451131,5.03710375,4.990731402,5.198491276,5.334789508,5.12796402,4.734288887,4.489038365,4.934066646,4.704455388,4.600653184,4.970922253,4.79168793,5.133123198,4.643343685,4.959944269
ELAVL1,5.50113,5.419582,5.476083,5.617587,5.796336,5.390481,5.512592,5.698591,5.646667,5.504122,5.80781,5.562068,5.40691,5.565691,5.896603,5.350131,6.128682,6.333909,7.027138,6.459159,5.730743,5.946957,6.607059,7.045572,6.673176,5.771245,6.35818,6.188178,6.071739,6.213955,6.079324,6.648393,6.235555,5.352083426,5.29787201,5.765742239,5.314981272,6.186893515,5.73717456,6.185998841,6.067302232,6.503118259,6.180299769,6.222681519,6.629795663,6.161816178,5.776674487,6.32694359,5.541554263,6.69577257,5.389194108
NDUFA5,5.680838,5.825131,5.894647,5.660608,5.837707,5.87817,5.824138,5.800745,5.727562,5.794806,5.826181,5.878454,6.210872,5.743943,5.906902,6.157689,6.586247,6.259173,6.692945,5.752783,5.950032,5.895553,6.440188,6.639679,6.529465,6.570674,6.869395,6.572165,5.406396,6.630096,6.640801,6.869222,6.647355,5.906848481,5.830715891,5.589325706,5.944611681,6.314178858,5.754567966,5.754477811,5.903471048,6.134275025,6.505908462,6.318900612,6.756843038,6.577529013,6.091852703,6.711603663,6.150320223,6.371155111,5.915064587
E2F3,6.181447,6.577401,6.546462,6.068292,6.478396,6.571747,6.508645,6.06722,6.087851,5.917237,6.547212,6.364377,6.089888,5.801157,5.910192,6.15374,6.949885,6.868447,7.480121,6.911871,6.699108,6.752755,7.003026,7.296739,7.037685,6.445576,7.337809,7.084568,6.16089,7.040666,7.094162,6.901158,7.057541,6.586481161,6.33469737,6.553222379,6.412813037,6.588719261,6.663273682,6.280503857,6.211589931,6.347575625,6.740129744,6.489215373,7.522360299,6.561977706,6.814333907,6.610430516,6.96964115,6.30648205,6.921150744
SASS6,6.367205,5.581222,5.447692,5.931566,5.577219,5.669094,5.7842,5.905838,6.036017,5.531959,5.691393,5.681385,5.552155,5.723004,5.878466,5.258791,6.62561,5.995357,6.188539,6.178074,6.257752,6.5026,5.999192,6.194788,6.135565,6.333429,6.257187,5.946567,6.060867,6.194802,6.161908,5.955838,6.148073,5.753610671,5.792174065,5.664257728,5.503973661,5.703904167,5.750315485,5.984619036,5.93883226,5.924188271,6.65855516,6.268450371,6.363778525,6.346147628,5.8452483,5.848283858,5.71228231,6.355902784,5.902224722
MAPKAPK5,6.66513,6.49826,6.292636,6.478975,6.49048,5.836895,6.29564,6.571084,6.359278,6.327868,6.45003,6.294178,6.235374,6.062718,6.108415,5.793664,6.380869,6.604059,7.507463,7.137777,6.316045,6.661679,6.707059,7.423824,6.765044,6.555119,6.98013,6.658687,6.395825,6.887628,6.794055,6.99292,6.840718,6.472934397,6.421415981,6.364011745,6.137992333,5.987250107,6.081488816,6.368961441,6.358591533,7.02068211,7.231202461,7.006405205,6.889656164,6.823778892,6.33744695,6.961093959,6.266425757,6.770824829,6.56876253
ZCRB1,5.128534,5.13042,4.998021,5.056826,5.050294,5.015658,5.118337,5.0019,5.002815,4.954788,5.038279,5.043763,4.822848,4.858814,5.054193,4.883592,5.371113,5.157219,5.515734,5.309006,5.120875,5.300732,5.194922,5.434942,5.266946,5.157028,5.317066,5.155572,5.181493,5.107753,5.090352,5.152905,5.126782,4.841848271,4.937702379,4.981746241,5.095250103,5.173280431,5.001062887,4.96574802,5.01427818,5.232926026,5.322971216,5.282830716,5.441546902,5.28537486,5.083496061,5.174164249,5.095780351,5.339266305,4.969930236
PFN2,5.328733,5.201295,5.182435,5.030864,5.266623,4.892074,5.087826,5.016296,4.995824,4.844594,5.282639,5.184373,4.804973,5.028447,4.91258,4.757956,5.815854,5.495275,5.610296,5.514353,5.084704,5.634763,5.576904,5.573345,5.564462,5.659856,6.105511,6.064962,5.672317,5.4513,5.587152,5.262388,5.479232,5.010007763,5.136650109,5.242558734,5.005994921,5.395786089,5.211432881,5.247026123,5.165337239,5.403163084,5.495512261,5.554009943,5.564189245,6.180932111,5.06772487,5.205417304,5.093992781,5.94727117,5.068188793
MPV17L,7.112046,7.047201,7.070509,7.646719,7.543988,7.423436,7.036654,7.631008,7.619183,7.348276,7.343466,7.244369,7.230875,6.876184,6.711765,7.532035,5.927334,6.994019,6.727715,5.841129,6.70814,6.765501,7.067407,6.836338,7.098774,6.301981,6.916938,7.015979,6.535435,6.495225,6.559004,6.686713,6.665122,7.22285625,7.645639118,7.222740093,6.627922028,6.718912541,7.211719922,7.592058802,7.465306468,6.680508632,6.566199352,7.011125269,6.674327577,6.881668243,6.745783678,6.676720614,7.034453051,6.300669952,6.957927417
TRA2A,6.421348,6.839196,6.552432,6.536902,6.915278,6.564258,6.843134,6.499255,6.395884,6.569859,6.880595,6.860203,6.26308,6.201707,6.512277,6.797702,7.153637,6.955998,7.475232,7.40653,6.970294,7.065952,7.250316,7.410288,7.248302,6.924223,6.800837,6.586074,6.453586,6.991434,6.754843,6.8987,6.777767,6.403181255,6.279571183,6.383360523,6.823707167,6.596162572,6.461857959,6.544151492,6.708728157,7.162199411,7.454685396,6.725226933,7.220209399,7.060139349,6.881328648,7.287360247,6.689843474,7.034725139,6.888280106
DPP3,6.805383,6.230914,6.754355,6.563652,6.627518,6.436208,6.201152,6.42501,6.446513,5.974444,6.726019,6.633464,6.391457,6.911028,6.990347,7.055542,6.744007,6.836052,6.940147,7.503337,6.987326,7.102663,6.944312,6.9427,6.710654,6.772718,7.094115,6.911828,7.538423,6.688681,7.149889,6.874264,6.734504,6.26261433,6.160364362,6.575033805,6.630340558,6.379291646,6.693593513,6.357917004,6.783625084,7.202160661,7.177001821,7.10969135,7.116774471,6.951125843,6.948703893,6.723948687,6.789424961,7.188468741,6.996035275
CD164L2,7.533055,7.396913,7.713508,7.175679,6.909536,8.199764,6.96859,7.026956,7.042174,7.355775,6.828855,6.770889,7.545508,7.548763,7.666058,8.157834,7.563212,6.948944,6.948762,6.121159,4.959965,5.710265,5.70263,6.828855,7.019521,6.67975,5.453437,6.611262,5.805991,5.92243,6.403987,6.220051,5.86995,7.360262095,7.584623685,6.988665353,6.473349878,7.227493361,7.394531919,6.856238616,7.331562148,6.246893941,6.312979075,6.151650139,6.586093802,6.413202647,6.408397942,6.856805132,6.687084924,6.16947363,7.519511968
PVRL2,7.587144,7.365034,7.258908,7.257488,7.211774,7.399917,7.331169,7.224629,7.333533,7.341821,7.220121,7.162134,7.119978,7.591292,7.768146,7.474244,6.366011,6.764536,6.811529,7.070872,7.180216,7.442908,6.916119,6.938872,6.690308,7.078034,6.274029,7.016738,6.89527,7.195476,7.251411,7.018835,7.156321,7.033249015,7.361854079,7.352132709,7.389591409,7.690082861,7.537599198,7.506810579,7.357234814,6.669380759,6.673570264,6.690478074,6.964516826,6.901782055,7.150425372,7.088646129,7.39186668,6.66801799,7.161663741
CPVL,5.47212,6.610342,6.422218,5.650059,6.598421,6.124341,6.73521,5.7582,5.507739,5.891995,6.608055,6.527927,6.912292,5.428273,5.83548,5.789599,6.830203,7.960066,7.819541,7.463308,7.538737,6.982307,8.057272,7.815146,7.975616,7.259265,7.163889,6.991466,7.148661,7.155215,7.185572,7.098341,7.242723,6.48209722,6.384054595,6.682263476,6.466191023,6.394590635,7.169916798,7.118559649,6.95635255,6.686525392,7.043540296,6.661396574,6.793037712,6.762860098,6.544479995,6.571207845,6.427040453,7.660810244,7.177343949
GABRB1,5.954358,6.2723,6.580071,6.960067,5.844599,7.650284,6.701833,7.126831,6.941874,6.840176,5.695928,5.792989,6.385191,5.820019,4.807863,7.548638,4.912572,5.445305,5.718029,5.761153,4.785008,5.117371,5.348558,5.199016,5.204108,4.859901,4.965905,5.152375,4.752904,5.214551,5.521437,5.076652,5.854456,6.310829641,5.620804229,6.201617281,5.535686384,5.383914002,6.301076818,6.580431747,6.741767849,5.398723326,5.612982949,5.546950756,5.498705573,5.419187797,6.230368044,5.457449677,5.510214586,5.289114316,6.03987263
RSRC1,5.402175,5.536553,5.682838,5.484602,5.27949,5.467729,5.903363,5.374415,5.492593,5.702449,5.175466,5.14816,5.178264,5.183064,5.241232,5.204069,6.733634,6.029686,6.445955,7.020638,5.206505,5.694961,6.248444,6.527445,6.313157,6.233976,6.289636,5.847743,6.672447,6.354842,6.256803,6.013218,6.217783,5.415313815,6.427288985,5.068743601,5.358261473,5.601473592,5.912201295,5.672807042,5.808263375,5.932622506,6.400327566,6.256864131,5.643037635,6.228531976,5.842937129,6.610531985,5.469769302,5.938679491,5.479412098
B3GALNT1,5.596114,5.841007,5.883857,6.146555,5.377184,5.48614,5.910305,6.111178,6.168457,5.790343,5.364677,5.516057,5.906201,5.442781,5.758941,5.323325,6.307069,6.447117,7.045006,6.504681,5.796707,5.549478,6.535565,7.040273,6.483017,6.096652,6.691702,6.370381,5.340422,6.607353,6.688996,6.675716,6.748035,5.581407118,5.828832687,5.858331485,5.758226529,5.635494507,5.697047206,6.07018983,5.593374178,6.295353294,7.121629767,6.651808285,5.707876693,6.482932032,5.842789461,6.578337261,5.905175751,6.442244957,6.376369282
GPR31,6.010907,5.293287,6.106805,5.700748,4.907791,5.708451,6.356269,5.465122,5.723146,6.11251,4.735378,4.928311,5.043875,4.750178,5.497872,5.672999,4.781336,4.803033,4.927302,4.943901,4.837462,4.802707,4.838512,4.797129,5.186212,4.83976,4.848458,4.684319,4.84536,4.992424,5.494895,4.947363,5.217167,5.855961232,5.698347252,5.439715726,5.415722678,5.314402666,5.431641633,6.230903589,5.302188099,4.654521762,4.766972481,5.058948976,5.082241736,4.945175893,4.942805133,5.08661275,5.03132174,4.402217058,5.129275384
LHX9,6.078846,6.399678,6.408125,5.877904,5.572172,6.582162,6.52739,5.891373,5.873953,6.902296,5.302541,5.514551,5.713226,5.665576,5.190678,6.923508,4.838287,4.758923,5.210031,5.598926,4.803463,4.842392,4.770606,4.914319,5.027826,4.949965,5.560137,5.026572,4.699838,5.179358,4.714641,5.312486,4.920276,5.564870828,5.915771704,5.365523334,5.737684884,6.192660306,5.432650368,5.755999386,5.457476645,5.023200337,5.077148217,5.665040008,4.866410723,4.942640204,5.944755344,5.193815251,5.482358374,5.197148849,6.268574998
RPS28,9.18464,9.368568,9.319248,8.611892,8.982131,9.363144,9.359922,8.635078,8.732846,9.308452,8.995823,9.081132,9.065681,9.179149,9.306362,9.35867,9.345772,9.501447,9.533846,9.56757,9.25589,9.247976,9.56757,9.609475,9.592249,9.198612,9.554884,9.400845,9.543216,9.639839,9.543216,9.386596,9.538933,8.76159672,8.828287216,9.182605056,9.299761906,9.497122224,8.98550386,8.954406882,9.180884166,9.511245049,9.701004898,9.520171426,9.717519416,9.574796152,9.306193621,9.476247428,9.329225834,9.486384181,9.122361189
SEC61G,8.248121,8.245534,8.172198,8.165855,7.976681,8.250327,8.317072,8.059031,7.99719,7.909586,7.934772,7.854029,7.709846,8.585984,8.420979,8.248552,8.22116,8.901662,8.744742,8.836645,8.341553,8.088223,8.560503,8.780644,8.590313,8.126255,8.828817,8.531733,8.984265,8.176832,8.33007,8.534859,8.316181,8.033444982,7.949808972,8.052782977,8.044012113,8.125610425,8.094904787,7.965485665,8.079358634,8.668418065,8.732282734,8.516948458,8.953456346,8.828562899,8.204245918,8.644968046,8.067571454,8.743136168,8.234172736
SLC13A5,6.803081,6.813286,7.165248,8.352514,6.081367,7.32552,7.014497,8.334794,8.267163,6.773806,5.83199,5.973534,7.32198,6.572455,6.146425,7.4719,4.756006,6.403879,6.491932,4.807699,5.416332,4.685997,5.560931,6.463617,5.43802,5.879916,4.850232,5.743308,6.042507,4.95526,5.250721,7.923958,5.224024,7.16260257,7.714710272,6.685337223,6.178107629,6.291789756,6.81432253,6.891418806,6.916551187,5.910897032,5.468369953,6.052310364,5.668324179,5.647016386,6.441007079,6.219304741,5.885368308,5.744306484,5.943799257
CYP2E1,6.955775,7.085291,7.040075,8.017715,7.517659,7.125436,7.167375,8.044752,7.99926,7.539203,7.512705,7.504392,7.465288,7.173614,6.925717,6.944798,6.49039,6.815775,6.935548,7.273454,6.544419,6.902875,6.982757,6.698623,7.120102,5.75055,5.558105,6.205235,6.254862,7.060845,7.097781,6.35948,7.138656,7.163456234,7.854499349,7.194262751,7.188693234,7.200720559,7.26094386,7.713025144,7.558131681,6.15097971,6.42957798,6.593135155,6.965172963,6.454838621,7.437113985,6.799733443,7.117040337,6.385550152,6.67911887
IFNA21,5.406687,6.374677,6.201049,5.637496,5.423926,6.912717,5.834766,5.629337,5.523983,6.771235,5.362274,5.161342,5.560974,5.546218,5.670757,6.773412,4.869814,4.899358,5.073921,5.692228,4.913219,4.815718,5.287914,4.776085,5.088879,4.904269,4.68287,5.158938,4.857354,5.151956,5.123333,4.974286,5.259483,5.864990881,6.414378185,5.342522203,5.556898479,5.510145582,5.366743563,5.53208794,5.702680795,5.116087908,5.322789567,5.239509039,5.174196878,5.147665903,5.301385745,5.189443338,5.446215726,4.833037941,5.782543219
LHX6,6.332291,6.550469,6.41544,6.559717,6.207401,6.87643,6.521581,6.421148,6.488038,6.940094,6.062553,6.3089,6.208958,6.40299,6.296544,7.193731,6.112394,6.087409,5.850156,6.482272,6.46389,5.96281,5.548139,5.927932,5.42097,6.113556,5.250141,6.009698,6.43753,6.048,5.896519,6.409392,6.347047,6.771093128,6.586744328,6.400537533,6.43235187,6.740283325,6.434467875,6.862925162,6.490153203,6.140457558,6.000829859,6.054719606,5.776673341,5.776348362,5.890553334,5.724515187,6.247946184,5.677977199,6.49329932
CSH1,4.904378,5.427712,5.400845,5.213503,4.984151,5.390138,5.023714,5.275869,5.313893,5.60313,4.999621,4.974133,5.064681,5.135954,5.161856,5.416494,4.881612,5.016511,5.0469,5.273007,4.761418,4.764169,4.943903,4.972153,4.770598,4.865377,4.898713,4.652308,4.705928,5.092299,5.021804,4.795022,4.895047,4.985138718,5.537363257,5.396689751,5.207146902,5.38231254,4.846805224,5.343359598,5.197645598,4.842450693,4.844603601,4.801105275,5.112348347,4.917091435,4.942276683,4.800609332,5.051130981,4.886543118,4.82367794
SNORD117,7.809314,7.590346,7.691947,6.902246,7.755765,7.307806,7.810983,7.02249,7.046854,7.985833,7.687324,7.765859,7.114998,7.404234,7.423221,7.122947,8.572206,7.833865,7.526685,8.253686,8.198537,8.295876,8.025601,7.638051,8.048557,8.237064,7.383979,7.62517,8.112651,7.79425,7.844994,7.65281,7.76579,7.114834148,7.465360703,7.687325094,7.6903171,6.993790605,7.438567279,6.823149624,7.534773446,8.181625613,8.192928542,8.148522272,7.659339407,7.987961252,7.869336266,8.21019988,7.915935536,8.119296184,7.734708874
RHCG,7.455103,7.732123,7.638274,8.840093,7.134099,7.003026,7.480342,8.776881,8.764883,6.990638,6.909536,7.093636,7.999922,7.102244,7.32198,6.813793,5.368936,5.157728,5.239345,5.425673,6.713837,7.719244,5.14797,5.310701,5.162354,4.880136,5.036727,5.621528,6.795235,6.588691,6.465914,7.277719,6.362234,6.936192591,6.784564342,7.681657318,7.083472008,7.095158304,6.680882194,6.840110359,6.74553179,5.825465604,5.980542912,6.815538065,6.214783817,6.018463425,6.889641331,6.578416675,6.898036298,6.570511035,7.169264738
CCT6P1,6.030351,5.719769,5.744348,5.907368,5.825196,5.660702,5.610237,5.922404,5.946296,5.538081,5.868999,5.629726,5.481237,5.912469,5.786088,5.381076,6.292683,6.412748,6.202153,6.696929,5.860198,5.841086,6.288814,6.121613,6.28792,5.891164,6.097379,5.854128,6.183478,5.850042,5.940687,6.118494,5.858497,5.643993718,5.540395177,5.845006721,5.613146151,5.753099155,5.621316446,5.814198262,5.848406717,6.266556478,6.250055527,6.334164737,5.900641195,6.524562422,6.023795322,6.084190489,5.745015186,6.249593875,5.720858395
KLK5,6.87762,5.855752,5.525919,7.877984,5.726908,6.754421,5.909087,7.884559,7.74552,5.19281,5.940686,5.691936,6.715347,6.683662,7.076407,6.732349,4.798345,4.871949,4.81743,4.916337,5.043618,5.606925,4.752348,4.776823,4.752253,4.773368,4.813388,5.870861,4.830993,4.67503,4.850536,6.190497,4.74685,5.365353186,6.25809326,6.20578915,6.591457482,5.44049456,5.880980235,5.861452502,5.951094579,5.697474129,5.33868239,5.176943397,5.869324566,5.0809223,5.636787287,6.459882395,5.726586607,5.398097001,5.387888891
ABCC5,7.702105,8.251707,8.257763,7.930375,8.169803,7.885265,8.158358,7.883206,7.923809,7.391159,8.223048,8.129789,7.709534,7.231889,7.350849,7.64791,8.696445,8.474133,8.346831,8.086046,8.041847,8.029011,8.461025,8.337845,8.475624,8.653647,7.33189,8.250026,8.089876,8.398544,8.484626,8.381672,8.442878,7.740582712,7.880351147,7.489420055,7.733404227,7.75785416,7.458464664,7.868570722,8.001213028,8.520242881,8.49353902,8.437570908,8.585960223,8.389566662,8.184307808,8.421599629,8.383409598,8.306751087,7.894370354
OR14J1,6.032821,5.60921,5.747189,5.509238,4.890759,6.691203,6.486117,5.746882,5.558647,6.290096,5.183298,5.286598,5.548295,6.196486,5.575375,6.783647,4.865403,4.918,5.238571,4.707675,5.216569,4.857816,5.187094,4.736833,4.701725,4.816286,4.715112,5.043439,6.05891,4.64161,4.8942,5.189092,5.055118,5.917664865,6.022476109,5.333554641,5.785027037,6.078215951,5.059659339,5.489432843,5.463034014,5.192153803,5.403951769,5.280999931,5.194733784,5.284219783,5.603670031,5.054832835,4.797095406,4.999780103,5.151708904
CDC42EP4,9.074438,8.57698,8.512443,9.001206,8.902071,8.609127,8.573726,8.990815,8.990815,8.906349,8.779108,8.763429,8.971947,8.810251,8.799486,8.530411,8.450819,8.477271,8.604276,8.730939,8.270363,8.288664,8.455606,8.454433,8.483673,8.598042,8.279169,8.66371,8.548697,8.752843,8.751156,8.51932,8.719345,8.988036687,9.007659412,8.910158574,8.70773419,8.751330238,8.751755176,9.013923637,8.67717164,8.358910496,8.32573504,8.425284133,8.40442584,8.473532911,8.681655572,8.451502288,8.846720135,8.491079284,8.592869691
SP3,6.121423,6.165575,6.488626,6.154955,6.253743,6.102915,6.456918,5.969997,5.993482,6.683092,6.233922,6.126449,5.668056,5.916655,5.979013,5.490806,7.2528,6.394359,6.896411,6.893058,6.256557,6.608609,6.572316,6.899743,6.655622,6.377291,6.683961,6.347873,6.975162,6.296935,6.246856,6.307107,6.243601,6.020578961,5.972708034,6.132384559,6.005851003,6.048797331,6.237509546,5.668666765,6.345909055,6.778715357,7.164521483,6.87797439,6.409391493,6.655362556,6.419372876,6.719463876,6.100763357,6.738070572,6.181676124
TCEB3CL,5.066779,5.827117,5.904026,5.993073,5.80756,6.543363,5.971078,5.955653,6.048087,6.507956,5.398937,5.62484,5.651085,5.742023,5.110652,6.493125,6.201259,4.777668,4.973202,4.998263,4.941657,5.412225,4.773468,5.000923,4.915816,5.000015,4.761868,4.982013,6.399659,5.31511,5.407249,5.069543,5.122122,5.822777943,6.158164904,5.807600278,5.568823292,5.799819498,6.189144448,5.975212153,5.807128016,5.071587876,5.157096701,4.712058268,4.809954068,4.971943721,5.354224075,5.825734227,5.592168442,5.315789419,5.234159839
XIAP,5.265389,4.966489,4.965494,4.936723,4.978993,4.971489,4.975305,4.921698,5.032,4.96293,5.158993,5.102514,4.969801,5.184499,5.369643,4.953691,5.230686,5.189777,5.299368,5.342614,5.372844,5.336977,5.16184,5.41578,5.275749,5.374354,5.467507,5.259272,5.252902,5.238043,5.282958,5.085275,5.201877,4.968025348,5.162362343,5.037759629,5.062230736,5.021241126,5.042360992,4.998169767,5.113335987,5.143005551,5.41873381,5.16515293,5.153209662,5.595370963,5.266064352,5.240821271,4.948925769,5.390689571,5.235026334
NME3,8.046455,7.770363,7.885736,7.564246,7.956618,8.175794,7.809737,7.571428,7.573718,6.876566,7.958823,7.876088,7.93528,7.541263,7.609184,7.997876,7.440551,7.078537,6.896359,7.003589,7.405568,7.41347,7.042315,6.548997,6.849944,7.251975,6.070846,7.017444,8.064197,7.342297,7.514034,7.176063,7.475119,8.034829325,8.243487501,7.772456759,7.482038574,8.272131357,7.729954681,7.077885683,7.61408884,7.269914792,7.205541826,7.271370511,6.875986418,7.357355669,7.485842553,6.857129392,7.378027187,7.267620047,6.871870363
COX5B,8.196074,8.08607,8.11936,7.793806,8.084785,8.320247,8.067592,7.853555,7.827181,7.882923,8.112476,7.944349,7.781113,7.953631,7.955881,8.402184,8.485874,8.44287,8.268633,8.61089,8.561196,8.698442,8.287038,8.321143,8.422561,8.635078,8.24765,8.214248,8.740973,8.245135,8.276587,8.343387,8.329486,7.714342209,7.925658496,8.275907018,8.051810545,8.424826782,7.924828075,8.275678091,8.007586694,8.212896362,8.435458197,8.526314918,8.824645961,8.497337464,8.266214569,8.111593556,8.08072792,8.520064044,7.998875031
